{
  "300750": 1772413796.942623,
  "688372": 1772441639.201761
}