{
  "300750": 1772413796.942623,
  "688372": 1772469083.282844
}